step,llm_type,prompt,model_output
0,hypothesis,[],"Based on the absence of any prior history or examples of combined objects, my current hypothesis is that object pairs can combine if they share a common attribute or function that facilitates interaction. This could include complementary characteristics, such as one object enhancing or performing a role that the other lacks, or both objects being part of a larger system that serves a specific purpose. Further examples would be necessary to refine this hypothesis."
0,planner,"Current hypothesis: Based on the absence of any prior history or examples of combined objects, my current hypothesis is that object pairs can combine if they share a common attribute or function that facilitates interaction. This could include complementary characteristics, such as one object enhancing or performing a role that the other lacks, or both objects being part of a larger system that serves a specific purpose. Further examples would be necessary to refine this hypothesis.
Env summary:
Score: 0. Step: 0/2.
Objects: 0:red square plain, 1:red square dotted, 2:red square striped, 3:red square checkered, 4:red circle plain, 5:red circle dotted, 6:red circle striped, 7:red circle checkered, 8:red triangle plain, 9:red triangle dotted, 10:red triangle striped, 11:red triangle checkered, 12:red diamond plain, 13:red diamond dotted, 14:red diamond striped, 15:red diamond checkered.

History:
No prior actions.
Actions: [('consume', 0), ('consume', 1), ('consume', 2), ('consume', 3), ('consume', 4), ('consume', 5), ('consume', 6), ('consume', 7), ('consume', 8), ('consume', 9), ('consume', 10), ('consume', 11), ('consume', 12), ('consume', 13), ('consume', 14), ('consume', 15), ('combine', 0, 1), ('combine', 0, 2), ('combine', 0, 3), ('combine', 0, 4), ('combine', 0, 5), ('combine', 0, 6), ('combine', 0, 7), ('combine', 0, 8), ('combine', 0, 9), ('combine', 0, 10), ('combine', 0, 11), ('combine', 0, 12), ('combine', 0, 13), ('combine', 0, 14), ('combine', 0, 15), ('combine', 1, 0), ('combine', 1, 2), ('combine', 1, 3), ('combine', 1, 4), ('combine', 1, 5), ('combine', 1, 6), ('combine', 1, 7), ('combine', 1, 8), ('combine', 1, 9), ('combine', 1, 10), ('combine', 1, 11), ('combine', 1, 12), ('combine', 1, 13), ('combine', 1, 14), ('combine', 1, 15), ('combine', 2, 0), ('combine', 2, 1), ('combine', 2, 3), ('combine', 2, 4), ('combine', 2, 5), ('combine', 2, 6), ('combine', 2, 7), ('combine', 2, 8), ('combine', 2, 9), ('combine', 2, 10), ('combine', 2, 11), ('combine', 2, 12), ('combine', 2, 13), ('combine', 2, 14), ('combine', 2, 15), ('combine', 3, 0), ('combine', 3, 1), ('combine', 3, 2), ('combine', 3, 4), ('combine', 3, 5), ('combine', 3, 6), ('combine', 3, 7), ('combine', 3, 8), ('combine', 3, 9), ('combine', 3, 10), ('combine', 3, 11), ('combine', 3, 12), ('combine', 3, 13), ('combine', 3, 14), ('combine', 3, 15), ('combine', 4, 0), ('combine', 4, 1), ('combine', 4, 2), ('combine', 4, 3), ('combine', 4, 5), ('combine', 4, 6), ('combine', 4, 7), ('combine', 4, 8), ('combine', 4, 9), ('combine', 4, 10), ('combine', 4, 11), ('combine', 4, 12), ('combine', 4, 13), ('combine', 4, 14), ('combine', 4, 15), ('combine', 5, 0), ('combine', 5, 1), ('combine', 5, 2), ('combine', 5, 3), ('combine', 5, 4), ('combine', 5, 6), ('combine', 5, 7), ('combine', 5, 8), ('combine', 5, 9), ('combine', 5, 10), ('combine', 5, 11), ('combine', 5, 12), ('combine', 5, 13), ('combine', 5, 14), ('combine', 5, 15), ('combine', 6, 0), ('combine', 6, 1), ('combine', 6, 2), ('combine', 6, 3), ('combine', 6, 4), ('combine', 6, 5), ('combine', 6, 7), ('combine', 6, 8), ('combine', 6, 9), ('combine', 6, 10), ('combine', 6, 11), ('combine', 6, 12), ('combine', 6, 13), ('combine', 6, 14), ('combine', 6, 15), ('combine', 7, 0), ('combine', 7, 1), ('combine', 7, 2), ('combine', 7, 3), ('combine', 7, 4), ('combine', 7, 5), ('combine', 7, 6), ('combine', 7, 8), ('combine', 7, 9), ('combine', 7, 10), ('combine', 7, 11), ('combine', 7, 12), ('combine', 7, 13), ('combine', 7, 14), ('combine', 7, 15), ('combine', 8, 0), ('combine', 8, 1), ('combine', 8, 2), ('combine', 8, 3), ('combine', 8, 4), ('combine', 8, 5), ('combine', 8, 6), ('combine', 8, 7), ('combine', 8, 9), ('combine', 8, 10), ('combine', 8, 11), ('combine', 8, 12), ('combine', 8, 13), ('combine', 8, 14), ('combine', 8, 15), ('combine', 9, 0), ('combine', 9, 1), ('combine', 9, 2), ('combine', 9, 3), ('combine', 9, 4), ('combine', 9, 5), ('combine', 9, 6), ('combine', 9, 7), ('combine', 9, 8), ('combine', 9, 10), ('combine', 9, 11), ('combine', 9, 12), ('combine', 9, 13), ('combine', 9, 14), ('combine', 9, 15), ('combine', 10, 0), ('combine', 10, 1), ('combine', 10, 2), ('combine', 10, 3), ('combine', 10, 4), ('combine', 10, 5), ('combine', 10, 6), ('combine', 10, 7), ('combine', 10, 8), ('combine', 10, 9), ('combine', 10, 11), ('combine', 10, 12), ('combine', 10, 13), ('combine', 10, 14), ('combine', 10, 15), ('combine', 11, 0), ('combine', 11, 1), ('combine', 11, 2), ('combine', 11, 3), ('combine', 11, 4), ('combine', 11, 5), ('combine', 11, 6), ('combine', 11, 7), ('combine', 11, 8), ('combine', 11, 9), ('combine', 11, 10), ('combine', 11, 12), ('combine', 11, 13), ('combine', 11, 14), ('combine', 11, 15), ('combine', 12, 0), ('combine', 12, 1), ('combine', 12, 2), ('combine', 12, 3), ('combine', 12, 4), ('combine', 12, 5), ('combine', 12, 6), ('combine', 12, 7), ('combine', 12, 8), ('combine', 12, 9), ('combine', 12, 10), ('combine', 12, 11), ('combine', 12, 13), ('combine', 12, 14), ('combine', 12, 15), ('combine', 13, 0), ('combine', 13, 1), ('combine', 13, 2), ('combine', 13, 3), ('combine', 13, 4), ('combine', 13, 5), ('combine', 13, 6), ('combine', 13, 7), ('combine', 13, 8), ('combine', 13, 9), ('combine', 13, 10), ('combine', 13, 11), ('combine', 13, 12), ('combine', 13, 14), ('combine', 13, 15), ('combine', 14, 0), ('combine', 14, 1), ('combine', 14, 2), ('combine', 14, 3), ('combine', 14, 4), ('combine', 14, 5), ('combine', 14, 6), ('combine', 14, 7), ('combine', 14, 8), ('combine', 14, 9), ('combine', 14, 10), ('combine', 14, 11), ('combine', 14, 12), ('combine', 14, 13), ('combine', 14, 15), ('combine', 15, 0), ('combine', 15, 1), ('combine', 15, 2), ('combine', 15, 3), ('combine', 15, 4), ('combine', 15, 5), ('combine', 15, 6), ('combine', 15, 7), ('combine', 15, 8), ('combine', 15, 9), ('combine', 15, 10), ('combine', 15, 11), ('combine', 15, 12), ('combine', 15, 13), ('combine', 15, 14)]",[]
1,planner,"Current hypothesis: Based on the absence of any prior history or examples of combined objects, my current hypothesis is that object pairs can combine if they share a common attribute or function that facilitates interaction. This could include complementary characteristics, such as one object enhancing or performing a role that the other lacks, or both objects being part of a larger system that serves a specific purpose. Further examples would be necessary to refine this hypothesis.
Env summary:
Score: 0. Step: 1/2.
Objects: 0:red square plain, 1:red square dotted, 2:red square striped, 3:red square checkered, 4:red circle plain, 5:red circle dotted, 6:red circle striped, 7:red circle checkered, 8:red triangle plain, 9:red triangle dotted, 10:red triangle striped, 11:red triangle checkered, 12:red diamond plain, 13:red diamond dotted, 14:red diamond striped, 15:red diamond checkered.

History:
Step 1: Failed to combine id 12 and id 0.
Actions: [('consume', 0), ('consume', 1), ('consume', 2), ('consume', 3), ('consume', 4), ('consume', 5), ('consume', 6), ('consume', 7), ('consume', 8), ('consume', 9), ('consume', 10), ('consume', 11), ('consume', 12), ('consume', 13), ('consume', 14), ('consume', 15), ('combine', 0, 1), ('combine', 0, 2), ('combine', 0, 3), ('combine', 0, 4), ('combine', 0, 5), ('combine', 0, 6), ('combine', 0, 7), ('combine', 0, 8), ('combine', 0, 9), ('combine', 0, 10), ('combine', 0, 11), ('combine', 0, 12), ('combine', 0, 13), ('combine', 0, 14), ('combine', 0, 15), ('combine', 1, 0), ('combine', 1, 2), ('combine', 1, 3), ('combine', 1, 4), ('combine', 1, 5), ('combine', 1, 6), ('combine', 1, 7), ('combine', 1, 8), ('combine', 1, 9), ('combine', 1, 10), ('combine', 1, 11), ('combine', 1, 12), ('combine', 1, 13), ('combine', 1, 14), ('combine', 1, 15), ('combine', 2, 0), ('combine', 2, 1), ('combine', 2, 3), ('combine', 2, 4), ('combine', 2, 5), ('combine', 2, 6), ('combine', 2, 7), ('combine', 2, 8), ('combine', 2, 9), ('combine', 2, 10), ('combine', 2, 11), ('combine', 2, 12), ('combine', 2, 13), ('combine', 2, 14), ('combine', 2, 15), ('combine', 3, 0), ('combine', 3, 1), ('combine', 3, 2), ('combine', 3, 4), ('combine', 3, 5), ('combine', 3, 6), ('combine', 3, 7), ('combine', 3, 8), ('combine', 3, 9), ('combine', 3, 10), ('combine', 3, 11), ('combine', 3, 12), ('combine', 3, 13), ('combine', 3, 14), ('combine', 3, 15), ('combine', 4, 0), ('combine', 4, 1), ('combine', 4, 2), ('combine', 4, 3), ('combine', 4, 5), ('combine', 4, 6), ('combine', 4, 7), ('combine', 4, 8), ('combine', 4, 9), ('combine', 4, 10), ('combine', 4, 11), ('combine', 4, 12), ('combine', 4, 13), ('combine', 4, 14), ('combine', 4, 15), ('combine', 5, 0), ('combine', 5, 1), ('combine', 5, 2), ('combine', 5, 3), ('combine', 5, 4), ('combine', 5, 6), ('combine', 5, 7), ('combine', 5, 8), ('combine', 5, 9), ('combine', 5, 10), ('combine', 5, 11), ('combine', 5, 12), ('combine', 5, 13), ('combine', 5, 14), ('combine', 5, 15), ('combine', 6, 0), ('combine', 6, 1), ('combine', 6, 2), ('combine', 6, 3), ('combine', 6, 4), ('combine', 6, 5), ('combine', 6, 7), ('combine', 6, 8), ('combine', 6, 9), ('combine', 6, 10), ('combine', 6, 11), ('combine', 6, 12), ('combine', 6, 13), ('combine', 6, 14), ('combine', 6, 15), ('combine', 7, 0), ('combine', 7, 1), ('combine', 7, 2), ('combine', 7, 3), ('combine', 7, 4), ('combine', 7, 5), ('combine', 7, 6), ('combine', 7, 8), ('combine', 7, 9), ('combine', 7, 10), ('combine', 7, 11), ('combine', 7, 12), ('combine', 7, 13), ('combine', 7, 14), ('combine', 7, 15), ('combine', 8, 0), ('combine', 8, 1), ('combine', 8, 2), ('combine', 8, 3), ('combine', 8, 4), ('combine', 8, 5), ('combine', 8, 6), ('combine', 8, 7), ('combine', 8, 9), ('combine', 8, 10), ('combine', 8, 11), ('combine', 8, 12), ('combine', 8, 13), ('combine', 8, 14), ('combine', 8, 15), ('combine', 9, 0), ('combine', 9, 1), ('combine', 9, 2), ('combine', 9, 3), ('combine', 9, 4), ('combine', 9, 5), ('combine', 9, 6), ('combine', 9, 7), ('combine', 9, 8), ('combine', 9, 10), ('combine', 9, 11), ('combine', 9, 12), ('combine', 9, 13), ('combine', 9, 14), ('combine', 9, 15), ('combine', 10, 0), ('combine', 10, 1), ('combine', 10, 2), ('combine', 10, 3), ('combine', 10, 4), ('combine', 10, 5), ('combine', 10, 6), ('combine', 10, 7), ('combine', 10, 8), ('combine', 10, 9), ('combine', 10, 11), ('combine', 10, 12), ('combine', 10, 13), ('combine', 10, 14), ('combine', 10, 15), ('combine', 11, 0), ('combine', 11, 1), ('combine', 11, 2), ('combine', 11, 3), ('combine', 11, 4), ('combine', 11, 5), ('combine', 11, 6), ('combine', 11, 7), ('combine', 11, 8), ('combine', 11, 9), ('combine', 11, 10), ('combine', 11, 12), ('combine', 11, 13), ('combine', 11, 14), ('combine', 11, 15), ('combine', 12, 0), ('combine', 12, 1), ('combine', 12, 2), ('combine', 12, 3), ('combine', 12, 4), ('combine', 12, 5), ('combine', 12, 6), ('combine', 12, 7), ('combine', 12, 8), ('combine', 12, 9), ('combine', 12, 10), ('combine', 12, 11), ('combine', 12, 13), ('combine', 12, 14), ('combine', 12, 15), ('combine', 13, 0), ('combine', 13, 1), ('combine', 13, 2), ('combine', 13, 3), ('combine', 13, 4), ('combine', 13, 5), ('combine', 13, 6), ('combine', 13, 7), ('combine', 13, 8), ('combine', 13, 9), ('combine', 13, 10), ('combine', 13, 11), ('combine', 13, 12), ('combine', 13, 14), ('combine', 13, 15), ('combine', 14, 0), ('combine', 14, 1), ('combine', 14, 2), ('combine', 14, 3), ('combine', 14, 4), ('combine', 14, 5), ('combine', 14, 6), ('combine', 14, 7), ('combine', 14, 8), ('combine', 14, 9), ('combine', 14, 10), ('combine', 14, 11), ('combine', 14, 12), ('combine', 14, 13), ('combine', 14, 15), ('combine', 15, 0), ('combine', 15, 1), ('combine', 15, 2), ('combine', 15, 3), ('combine', 15, 4), ('combine', 15, 5), ('combine', 15, 6), ('combine', 15, 7), ('combine', 15, 8), ('combine', 15, 9), ('combine', 15, 10), ('combine', 15, 11), ('combine', 15, 12), ('combine', 15, 13), ('combine', 15, 14)]",[]
3,message,"You finished the episode. Based on your final hypothesis and history, write a helpful message for the next player.","**Message for the Next Player:**

Congratulations on reaching this point in the game! As you gear up for the next episode, here are some helpful insights based on the choices and patterns observed so far:

1. **Pay Attention to Character Interactions:** Every conversation holds clues. Characters often drop hints about future events or important items. Take your time to engage in dialogue and explore different responses to see how they shape the story.

2. **Inventory Management is Key:** Keep track of the items you collect. Some may seem insignificant, but they could become crucial in surprising ways later on. Remember to combine items or use them strategically to unlock new paths or solutions to puzzles.

3. **Explore Every Corner:** Don’t rush through levels. Hidden areas may contain valuable resources, lore, or secrets that enrich your experience and provide advantages in the next challenges.

4. **Save Frequently:** If the game allows, save your progress often, especially before making significant decisions. This way, you can backtrack if necessary and explore different outcomes of critical choices.

5. **Study Your Environment:** The game’s visuals often drop subtle clues about where to go or what to do next. Keep a keen eye out for interactable objects or areas that seem out of place.

6. **Look Back at Past Episodes:** If you’re facing a tricky situation, reflect on previous episodes. The storyline tends to build on itself, and previous decisions may have shaped your current scenario in unexpected ways.

Remember, every choice you make shapes the narrative and could lead to different endings. Enjoy the journey, and good luck!"
