step,hypothesis
0,"**Hypothesis on Object Combinations:**

Valid combinations appear to be based on the color value hierarchy and multiplicative relationships. Specifically:

1. **Hierarchy-Based Combination**: Objects can combine only if the color value of one object is exactly ten times that of the other. For example, combining a yellow object (10) with a red object (1) is valid, as 10 is ten times 1.

2. **Additive Validity at Higher Tiers**: Combinations are valid if one of the objects is exactly one order of magnitude higher than the other. For example, combining orange (100) with yellow (10) would be valid, as 100 is ten times 10.

3. **No Combinations with Dissimilar Colors**: Combinations between dissimilar color categories (for example, red with blue, or yellow with green) are invalid, reinforcing a structure where combinations only occur within the same color family or tiered relationships.

This hypothesis can be tested by systematically applying different combinations of objects, tracking successful and failed combos, and verifying against the proposed rules. If confirmed, this could guide optimal strategies for maximizing points using the limited actions available."
3,"Congratulations on reaching the end of the episode! Here are a few tips for the next player to enhance their experience:

1. **Reflect on Choices**: Take some time to consider the decisions you made throughout the episode. How did they affect the storyline and the characters? This reflection can enrich your understanding of the narrative.

2. **Explore Alternate Outcomes**: If possible, replay sections to see how different choices could have changed the outcome. This can deepen your engagement with the game and showcase the branching paths in the story.

3. **Engage with the Community**: Donâ€™t hesitate to discuss your thoughts and experiences with others who have played the episode. Forums and social media can be great places to share theories, insights, and experiences.

4. **Stay Open to Interpretation**: Some endings may leave room for interpretation. Allow yourself to ponder the themes and moral dilemmas presented, as these can offer more than just immediate closure.

5. **Prepare for the Next Chapter**: As you look forward to the next episode, keep an eye out for clues and hints in the narrative that might carry over or connect with future plot points.

Enjoy the journey ahead, and happy gaming!"
