step,action,reward,score,info
0,"('combine', 4, 6)",0,0,{'feedback': 'invalid combine'}
1,"('combine', 9, 1)",0,0,{'feedback': 'invalid combine'}
3,message_to_next_player,0,0,"Sure! Here’s a helpful message for the next player:

---

**Dear Player,**

Congratulations on reaching the end of this episode! As you continue your journey, here are a few key insights and tips based on my experience:

1. **Pay Attention to Details**: Every clue is important. Don’t overlook seemingly minor details; they might provide crucial context or lead to major breakthroughs later on.

2. **Explore All Dialogue Options**: Engaging with all characters can unlock new quests, gather more insights, and deepen your understanding of the storyline. Don’t rush through conversations!

3. **Resource Management**: If you have items or limited resources, strategize their usage. Sometimes holding on to items for the right moment can make all the difference.

4. **Think Outside the Box**: The most challenging puzzles often require creative solutions. Don’t hesitate to take a step back and consider different approaches.

5. **Document Your Findings**: Keep notes on key plot points, character relationships, and clues. They may prove useful in future episodes or when faced with tricky decisions.

6. **Be Prepared for Surprises**: The narrative can take unexpected turns, so be adaptable. Embrace the challenges, and remember that every decision shapes the outcome of your journey.

Lastly, enjoy the storytelling! Embrace the twists and turns, and immerse yourself in the world you’re exploring. Good luck, and may you unravel the mysteries ahead!

Happy gaming!

---

Feel free to adjust any part or add personal touches to make it your own!"
